id,name,likes,dislikes,DOB
0,Aaron,Scuba Diving,Cave Diving,11/11/1986
1,Richard,Casino Gambling,Planking,22/06/2008
2,Bobby,Jump Roping,Reading,30/12/1916
3,Lillian,Wingsuit Flying,Hiking,9/10/1993
4,Evelyn,Go Kart Racing,Baseball,4/11/1988
5,Edward,Chess,Gunsmithing,12/11/1915
6,Justin,Walking,Cooking,28/07/1937
7,Jeremy,BoardGames,Birding,25/06/1961
8,Timothy,Lacrosse,Canoeing,5/02/1997
9,Marie,Collecting RPM Records,Archery,10/08/1999
10,Mark,Texting,Pyrotechnics,4/03/1956
11,Rachel,Dumpster Diving,TV watching,28/12/1923
12,Carol,Camping,Airsofting,28/12/1952
13,Teresa,Slot Car Racing,Kite Boarding,21/08/1996
14,Albert,Writing Songs,Reading,1/12/1929
15,Louise,Pottery,Wrestling,8/01/1953
16,Joseph,Collecting Music Albums,Bonsai Tree,21/12/1929
17,Willie,Video Games,Writing,1/06/1916
18,Margaret,Pyrotechnics,Backgammon,12/01/1940
19,Jeremy,Railfans,Bonsai Tree,15/12/1957
20,Shawn,Frisbee Golf – Frolf,Collecting Music Albums,24/04/1958
21,Bruce,Piano,Grip Strength,19/03/2001
22,Christina,Ghost Hunting,Learning An Instrument,16/08/1934
23,Kathryn,Owning An Antique Car,YoYo,22/01/1967
24,Harry,Tea Tasting,Body Building,5/01/1970
25,Anne,Soccer,Protesting,18/02/1926
26,Katherine,Pyrotechnics,Knotting,7/11/1945
27,Jessica,Beadwork,Hot air ballooning,28/10/1940
28,Melissa,Lawn Darts,Amateur Astronomy,23/04/2004
29,Ruth,Beatboxing,Scrapbooking,14/11/1906
30,Thomas,String Figures,Letterboxing,26/11/1947
31,Rebecca,Button Collecting,Piano,4/09/1945
32,Kathryn,Kitchen Chemistry,Hunting,24/05/1911
33,Lawrence,Paragliding or Power Paragliding,Blacksmithing,25/05/1992
34,Gloria,Go Kart Racing,Working on cars,2/09/1927
35,Julia,Brewing Beer,Bonsai Tree,3/04/1933
36,Mark,Kitchen Chemistry,Building Dollhouses,3/04/1951
37,Julie,Modeling Ships,Self Defense,20/01/1931
38,Peter,Listening to music,Swimming,4/02/1923
39,Nicholas,Crafts,Cooking,26/12/1902
40,Marilyn,Papermache,Train Spotting,10/11/1929
41,Andrea,Rafting,Collecting RPM Records,4/10/2008
42,Joe,R/C Planes,Locksport,5/07/1997
43,Stephen,Drawing,Saltwater Aquariums,22/09/1939
44,Mildred,Electronics,Dancing,15/01/1964
45,Alan,Learning A Foreign Language,Handwriting Analysis,16/05/1918
46,Gregory,Amateur Astronomy,Renting movies,20/06/1954
47,Debra,Papermaking,Church/church activities,29/07/1901
48,Deborah,Fencing,Weightlifting,21/09/1937
49,Amy,Floral Arrangements,Glowsticking,26/04/1975
50,Kathleen,Dominoes,Papermaking,24/11/1943
51,Eugene,Spending time with family/kids,Collecting Swords,27/03/1919
52,Doris,Collecting Antiques,Ghost Hunting,28/06/1993
53,Samuel,Amateur Astronomy,Piano,25/01/2009
54,Earl,Relaxing,Tea Tasting,23/07/1920
55,Kevin,Electronics,Violin,5/07/1905
56,Theresa,Cigar Smoking,Beadwork,12/07/1976
57,Nancy,Planking,Protesting,5/02/1980
58,Theresa,Lawn Darts,Home Theater,21/02/1926
59,Susan,Cosplay,Going to movies,2/10/1936
60,Christine,Learning A Foreign Language,Sewing,29/06/1993
61,Theresa,Candle Making,Blacksmithing,21/05/1922
62,Bobby,Floral Arrangements,Mountain Climbing,28/06/1908
63,George,Archery,Metal Detecting,7/06/2003
64,Margaret,Sky Diving,Spelunkering,29/10/1946
65,Gary,Hiking,Learn to Play Poker,3/08/1996
66,Rebecca,Model Rockets,Sketching,22/10/1961
67,Judy,Dominoes,Iceskating,21/01/1928
68,Andrea,Beachcombing,Tool Collecting,18/07/1945
69,Randy,Collecting Hats,Golf,5/06/1964
70,Jean,Jump Roping,Tatting,15/10/1999
71,Frank,R/C Cars,Warhammer,11/03/1974
72,Steven,Iceskating,Tea Tasting,31/07/1935
73,Bonnie,Blogging,Texting,28/12/1920
74,Douglas,Weightlifting,Belly Dancing,12/01/1917
75,Brandon,Cloud Watching,Darts,21/04/1947
76,Emily,Rafting,Fire Poi,22/02/1960
77,Linda,Building Dollhouses,Protesting,28/11/1986
78,John,Jump Roping,Lawn Darts,29/03/1934
79,Matthew,Tetris,Spending time with family/kids,26/07/1987
80,Terry,Lacrosse,Gnoming,15/09/1998
81,Debra,Blacksmithing,BoardGames,24/08/1991
82,Catherine,Tetris,Taxidermy,2/01/1961
83,Katherine,Bridge Building,Rockets,3/01/1916
84,Melissa,Violin,Amateur Radio,3/08/1966
85,Diane,Grip Strength,Modeling Ships,18/05/1965
86,Antonio,Zumba,Bridge Building,15/03/1913
87,Jose,Renting movies,Lacrosse,14/07/1973
88,Fred,Piano,Collecting Hats,28/03/1986
89,Juan,Geocaching,Watching sporting events,26/02/2005
90,Jimmy,Wrestling,Bowling,10/04/1974
91,Wayne,Cloud Watching,Falconry,3/10/1947
92,Jacqueline,Grip Strength,Basketball,26/08/1914
93,Philip,Casino Gambling,Conworlding,15/05/1953
94,Tammy,Embroidery,Hiking,17/12/1952
95,Michelle,Amateur Astronomy,Slot Car Racing,15/08/1929
96,Rose,Treasure Hunting,Base Jumping,13/08/1925
97,Amanda,Meditation,Renaissance Faire,12/09/1911
98,Gregory,Ziplining,Cosplay,3/04/1955
99,Christine,Matchstick Modeling,Astronomy,18/04/1976
100,Beverly,Aircraft Spotting,Home Repair,12/08/1901
101,Donald,World Record Breaking,Macramé,8/01/1901
102,Harold,Ceramics,Jet Engines,30/07/1937
103,Carl,R/C Boats,Cave Diving,25/10/1982
104,Samuel,Tesla Coils,People Watching,16/08/2005
105,Jane,Roleplaying,Soccer,17/01/1965
106,Wayne,Becoming A Child Advocate,Geocaching,14/07/1959
107,Carl,Collecting Antiques,Kites,30/05/1953
108,Juan,Scuba Diving,Cake Decorating,13/03/1929
109,Kelly,Socializing with friendseighbors,Microscopy,2/08/1945
110,Laura,Weightlifting,Planking,19/09/1989
111,Michelle,BMX,Ghost Hunting,18/07/1956
112,Virginia,Yoga,Parachuting,8/06/1903
113,Annie,Ghost Hunting,Pinochle,27/09/1960
114,Jimmy,Base Jumping,Kayaking,22/05/1918
115,Debra,Cosplay,Mountain Climbing,7/02/1998
116,Diane,Collecting RPM Records,Basketball,12/11/1910
117,Wayne,Speed Cubing (rubix cube),Games,7/06/1902
118,Phyllis,Playing music,TV watching,10/01/1991
119,Jason,Slot Car Racing,Cartooning,18/03/1916
120,Benjamin,Dumpster Diving,Storm Chasing,13/04/1925
121,Laura,Modeling Ships,Hiking,4/01/1993
122,Stephanie,Learn to Play Poker,Baseball,2/02/1980
123,Juan,Cartooning,R/C Boats,20/08/1923
124,Martha,Weather Watcher,Cheerleading,6/01/1974
125,Christina,Windsurfing,Sketching,14/12/1904
126,Brandon,Crocheting,Bringing Food To The Disabled,19/06/1975
127,Daniel,Spelunkering,Singing In Choir,24/10/1985
128,Lois,Four Wheeling,Educational Courses,13/04/1938
129,Benjamin,Yoga,Embroidery,26/10/1978
130,Robin,Quilting,Learning A Foreign Language,10/06/1974
131,Theresa,Lasers,Hot air ballooning,5/11/1910
132,Louise,Pinochle,Martial Arts,10/07/1914
133,Kimberly,Socializing with friendseighbors,Floorball,13/12/2004
134,John,Woodworking,Entertaining,10/03/1996
135,Jason,Bonsai Tree,Urban Exploration,13/02/1936
136,Michelle,Skeet Shooting,Train Spotting,15/11/1901
137,Alan,Lacrosse,Impersonations,31/08/1924
138,Matthew,Arts,Gymnastics,3/02/1928
139,Michelle,Canoeing,Embroidery,19/04/1904
140,George,Stamp Collecting,Roleplaying,18/03/1925
141,Adam,Rafting,Parachuting,27/11/1938
142,Paula,Hula Hooping,Cosplay,26/05/1998
143,Norma,Aeromodeling,Kite Boarding,28/11/1927
144,Ralph,Knotting,Beadwork,21/05/1944
145,Frances,Rock Collecting,Kitchen Chemistry,13/07/1953
146,Harry,Leathercrafting,Collecting,25/01/1947
147,Albert,Cartooning,Warhammer,30/09/1946
148,Laura,Genealogy,Casino Gambling,20/08/1943
149,Lisa,Floral Arrangements,Geocaching,7/10/1954
150,Patrick,Bowling,Parkour,18/09/1925
151,Joseph,Railfans,Scuba Diving,15/10/1902
152,Gary,Skateboarding,Cross-Stitch,22/03/1958
153,Nancy,Genealogy,Tesla Coils,14/07/1981
154,Kathryn,Learning An Instrument,Blacksmithing,5/02/1923
155,Joe,Volunteer,Becoming A Child Advocate,2/06/1979
156,Phillip,Cartooning,R/C Cars,24/10/1929
157,Terry,Gardening,Sleeping,6/08/1915
158,Kathy,Collecting,Ziplining,17/07/1937
159,Annie,Acting,Piano,23/01/1926
160,Harold,Leathercrafting,Relaxing,15/03/1947
161,Jennifer,Model Railroading,Scrapbooking,13/10/1904
162,Emily,Hunting,Embroidery,4/03/1931
163,Frank,Hula Hooping,Freshwater Aquariums,8/08/1950
164,Nicole,Baseball,Chess,16/04/1973
165,Mary,Speed Cubing (rubix cube),Dumpster Diving,26/09/1922
166,Willie,Beach/Sun tanning,Snorkeling,14/12/1995
167,Karen,Kayaking,Textiles,1/03/1948
168,Jack,Reading,Jet Engines,6/07/1989
169,Bobby,Urban Exploration,Woodworking,30/11/2008
170,Deborah,Hula Hooping,Falconry,5/11/1907
171,Ruth,Collecting Swords,Handwriting Analysis,29/01/1920
172,Kathleen,Rockets,Guitar,2/02/1916
173,Maria,Arts,Calligraphy,6/11/1969
174,Christina,Coloring,Speed Cubing (rubix cube),27/07/1990
175,Phyllis,Lawn Darts,Dolls,13/03/1953
176,Sara,Rockets,Crossword Puzzles,12/10/1988
177,Diana,Illusion,Modeling Ships,23/10/2005
178,Pamela,Kayaking,Hot air ballooning,27/10/2006
179,Katherine,Bird watching,Surf Fishing,30/10/1925
180,Earl,Drawing,Beadwork,21/01/1996
181,Ashley,Soccer,Slingshots,13/06/1918
182,Nancy,Puppetry,Cheerleading,7/12/2006
183,Jerry,Collecting Hats,Motorcycles,22/12/1985
184,Irene,Beatboxing,Darts,21/10/2006
185,Justin,Ultimate Frisbee,Gun Collecting,13/01/1944
186,Teresa,Blogging,Crafts (unspecified),9/04/1923
187,Carl,Saltwater Aquariums,Golf,9/08/1962
188,Lois,Marksmanship,Cross-Stitch,28/01/1913
189,Kenneth,Exercise (aerobics& weights),Spelunkering,8/05/1932
190,Evelyn,Legos,Saltwater Aquariums,29/11/1921
191,Timothy,Lawn Darts,Painting,12/03/1994
192,Jesse,Snorkeling,Archery,21/05/1953
193,Lori,R/C Planes,Crocheting,4/06/1972
194,Jeremy,Shark Fishing,Sewing,26/05/1983
195,Lori,R/C Planes,Dolls,6/10/1936
196,Jose,Tool Collecting,Car Racing,28/08/1910
197,Eugene,Kayaking,Tea Tasting,24/07/1903
198,Teresa,Blacksmithing,Horse riding,27/07/1916
199,Janice,Snorkeling,Coloring,10/02/1900
200,Phillip,Motorcycles,Running,15/10/1975
201,Christine,Writing,Frisbee Golf – Frolf,2/06/1988
202,James,Owning An Antique Car,Fire Poi,15/10/1986
203,Chris,Canoeing,Dodgeball,22/12/1960
204,Phillip,Shark Fishing,Backgammon,31/05/1942
205,Alan,Hang gliding,Tetris,12/02/2008
206,Brian,Walking,People Watching,30/01/1980
207,Jean,Cross-Stitch,BMX,7/05/1917
208,Dennis,Painting,Dancing,12/05/1968
209,Jeremy,Beadwork,Legos,12/07/1904
210,Margaret,Photography,Astronomy,24/12/1941
211,Benjamin,Cross-Stitch,Basketball,11/03/1946
212,Carl,Kitchen Chemistry,Listening to music,26/11/1980
213,Alice,Planking,Learn to Play Poker,9/05/1920
214,Lillian,Models,Entertaining,12/02/2005
215,Julia,Cooking,Rock Collecting,17/03/1990
216,Justin,Papermache,Games,1/10/1905
217,Pamela,Guitar,Archery,16/07/1915
218,Cynthia,Pyrotechnics,Cartooning,24/10/1974
219,Rebecca,Knitting,Wine Making,22/06/2000
220,Louise,Blogging,Golf,20/05/1946
221,Irene,Renting movies,Conworlding,25/02/1926
222,Ruby,Airbrushing,Freshwater Aquariums,5/04/1974
223,Catherine,Hang gliding,Model Rockets,5/02/1933
224,John,Aquarium (Freshwater & Saltwater),Letterboxing,5/04/1950
225,Sean,Scuba Diving,Piano,15/11/1942
226,Harry,Surfing,Fast cars,5/01/1924
227,Brandon,Glowsticking,Dodgeball,17/02/1995
228,Clarence,Aircraft Spotting,Glowsticking,18/11/2008
229,Denise,Sewing,Spelunkering,25/07/1924
230,Annie,Coin Collecting,Reading To The Elderly,22/11/1966
231,Keith,Learning To Pilot A Plane,Tetris,1/07/2003
232,Christina,Letterboxing,Metal Detecting,31/10/1954
233,Bruce,Home Theater,Soap Making,4/09/1962
234,Amy,Socializing with friendseighbors,Entertaining,15/07/1993
235,Ruby,Paintball,Socializing with friendseighbors,18/08/1940
236,Ryan,Fire Poi,Hiking,22/03/1961
237,Ralph,Geocaching,Embroidery,9/06/1999
238,Jennifer,Coloring,Gyotaku,19/02/1921
239,Paul,Boomerangs,Zumba,3/01/1973
240,Irene,Cake Decorating,Pottery,9/03/1949
241,Kelly,Nail Art,Compose Music,24/01/1958
242,Gary,Cartooning,Saltwater Aquariums,9/03/1979
243,Russell,Storm Chasing,Ultimate Frisbee,22/11/1977
244,Brenda,Darts,Tombstone Rubbing,14/05/1958
245,Dennis,Singing In Choir,Backgammon,13/06/1977
246,Benjamin,Glowsticking,Horse riding,27/03/2002
247,Paul,Spelunkering,Go Kart Racing,6/12/1961
248,Marilyn,Gnoming,Boating,10/07/1912
249,Diane,Gun Collecting,Badminton,28/01/1978
250,Diana,String Figures,Coin Collecting,12/12/1998
251,Rose,Cave Diving,Birding,10/05/1962
252,Beverly,Weather Watcher,Painting,3/09/1991
253,Joan,Mountain Biking,R/C Helicopters,4/02/2006
254,Mark,Aircraft Spotting,Owning An Antique Car,31/12/1942
255,Steve,Butterfly Watching,Acting,26/12/1979
256,Chris,Acting,Canoeing,10/06/1977
257,Lisa,Beach/Sun tanning,Letterboxing,28/10/1930
258,Wayne,Sleeping,Textiles,10/08/1907
259,Christine,Warhammer,Racing Pigeons,12/05/1990
260,Maria,Bell Ringing,TV watching,8/07/1956
261,Joseph,Amateur Radio,Tetris,11/02/1907
262,Kathleen,Entertaining,Watching sporting events,18/09/1973
263,Kathleen,Working on cars,Skateboarding,7/07/1915
264,Melissa,Surfing,Self Defense,27/05/1918
265,Rose,Tutoring Children,Photography,27/04/1923
266,Anna,Bird watching,Jigsaw Puzzles,11/02/1990
267,Carlos,Gardening,R/C Helicopters,18/05/1954
268,Bobby,Walking,Shopping,18/10/1903
269,Earl,Shopping,Knitting,6/11/1973
270,Donald,Fishing,Casino Gambling,26/01/1979
271,Julia,Chess,Beatboxing,15/10/2000
272,Rose,Golf,Fishing,20/05/1962
273,Marilyn,Dolls,Tool Collecting,3/07/1904
274,Sharon,R/C Helicopters,Paintball,10/03/1909
275,Fred,Textiles,Pinochle,9/07/1944
276,Marilyn,Singing In Choir,Becoming A Child Advocate,22/10/1979
277,Eugene,Blacksmithing,Storm Chasing,28/01/1999
278,Andrea,Quilting,Internet,5/08/2002
279,Todd,Tennis,Sketching,27/11/1944
280,Lawrence,Amateur Radio,Astrology,15/02/1992
281,Doris,Drawing,R/C Boats,17/12/1953
282,Harold,Bicycle Polo,Blacksmithing,12/09/1909
283,Bruce,Slingshots,Amateur Astronomy,25/11/2005
284,Henry,Genealogy,Inventing,7/01/1906
285,Ashley,Model Rockets,Socializing with friendseighbors,21/09/1987
286,Harold,Amateur Astronomy,Scrapbooking,31/01/1968
287,Adam,Crocheting,Conworlding,15/09/1986
288,Russell,Sleeping,Fire Poi,13/07/1962
289,Virginia,Robotics,Planking,31/10/1981
290,Raymond,R/C Boats,Kayaking,15/04/1950
291,George,Gardening,Singing In Choir,10/04/1966
292,Johnny,Floorball,Slot Car Racing,13/03/1905
293,Henry,Dumpster Diving,Spelunkering,3/02/1945
294,Brenda,Home Repair,Gardening,17/07/1999
295,John,Traveling,Weightlifting,16/04/1960
296,Aaron,Fly Tying,Scuba Diving,5/09/1927
297,Amy,Mountain Biking,Frisbee Golf – Frolf,31/05/1982
298,Timothy,Kayaking,Car Racing,27/09/2002
299,Stephen,Sand Castles,Musical Instruments,10/07/1949
300,Louis,Sewing,Kites,9/06/1951
301,Samuel,Hunting,Iceskating,21/12/1939
302,Jose,Making Model Cars,Cooking,18/02/1934
303,Nicholas,Photography,Sewing,30/07/1938
304,Michael,Airbrushing,Calligraphy,16/12/1954
305,Ann,Mountain Climbing,Games,7/12/2008
306,Diana,Darts,Four Wheeling,15/08/1911
307,Albert,Bookbinding,Quilting,13/06/1956
308,Shirley,Soap Making,Skiing,24/07/1921
309,Teresa,Ultimate Frisbee,Zumba,23/03/1908
310,Amy,Slot Car Racing,Body Building,8/08/1997
311,Carlos,Car Racing,Slot Car Racing,16/06/1988
312,Carl,Origami,Matchstick Modeling,12/11/1981
313,Janet,Calligraphy,Backgammon,27/01/1938
314,Beverly,Gardening,Crafts (unspecified),1/09/1996
315,William,Ziplining,Impersonations,22/05/1920
316,Carolyn,Needlepoint,Rescuing Abused Or Abandoned Animals,22/05/1938
317,Raymond,Matchstick Modeling,Nail Art,19/04/1939
318,Jimmy,Ceramics,Collecting Swords,2/10/2005
319,Philip,Bell Ringing,Internet,27/12/1978
320,Rachel,Tatting,Digital Photography,20/11/1995
321,Larry,Railfans,Cake Decorating,2/08/1952
322,Andrew,Belly Dancing,Herping,1/06/1996
323,Andrew,Home Theater,Roleplaying,14/02/1934
324,Tammy,Yoga,Amateur Astronomy,24/05/1969
325,Eugene,Paragliding or Power Paragliding,String Figures,6/03/1977
326,Joyce,Bowling,Wrestling,22/05/1952
327,Jimmy,Birding,Bookbinding,4/03/1916
328,Robert,Skeet Shooting,Blogging,20/01/1942
329,Stephanie,Shopping,Jewelry Making,19/09/1927
330,Justin,Learning An Instrument,Sleeping,7/08/1964
331,Kelly,Football,Collecting,15/08/1948
332,Anthony,Gun Collecting,Herping,30/03/1939
333,Teresa,Collecting,Camping,15/04/2002
334,Mark,Playing team sports,Kayaking,7/04/2008
335,Carlos,Camping,Working In A Food Pantry,13/10/2007
336,Charles,Zumba,Gyotaku,28/07/1956
337,Gloria,Scuba Diving,Astrology,21/09/1971
338,Earl,Bicycling,Marksmanship,17/10/1953
339,Ruby,Sky Diving,Learning To Pilot A Plane,16/02/1981
340,Justin,Skeet Shooting,Toy Collecting,15/09/1985
341,Mary,Acting,Sewing,31/10/1964
342,Tina,Ghost Hunting,Chess,25/07/1910
343,Paul,Diecast Collectibles,Storytelling,9/10/1934
344,James,Windsurfing,Building Dollhouses,26/02/1983
345,Sean,Tea Tasting,Mountain Climbing,18/02/1991
346,Dorothy,Skiing,Survival,30/10/1994
347,Howard,Drawing,Frisbee Golf – Frolf,25/12/1908
348,Tammy,Crochet,Urban Exploration,17/06/1906
349,Elizabeth,Macramé,Watching sporting events,4/02/1971
350,Joseph,Go Kart Racing,Wrestling,7/05/1980
351,Juan,Magic,Brewing Beer,1/10/1936
352,Virginia,Cigar Smoking,Snowboarding,29/05/1952
353,Patricia,Dodgeball,Treasure Hunting,11/03/1964
354,Jimmy,Juggling,Games,7/06/1972
355,Anthony,Fast cars,Dominoes,13/11/1983
356,Martha,Astronomy,Bonsai Tree,27/03/1955
357,Laura,Baseball,Locksport,14/02/1900
358,Beverly,Collecting Artwork,Arts,16/07/1978
359,Clarence,Gnoming,Metal Detecting,6/01/1903
360,Paula,Coin Collecting,Gyotaku,23/11/2001
361,Edward,Beachcombing,Horse riding,27/12/2002
362,Wayne,Cigar Smoking,Diecast Collectibles,21/08/2005
363,Norma,Owning An Antique Car,Birding,10/10/1943
364,Doris,Papermaking,Bicycle Polo,23/11/1957
365,Johnny,Slack Lining,Mountain Climbing,2/06/1920
366,Mark,Racing Pigeons,Collecting Swords,20/11/1930
367,Edward,Socializing with friendseighbors,Tetris,23/08/1946
368,Janice,Racing Pigeons,Tennis,23/04/1921
369,Jonathan,Model Railroading,Texting,11/10/1920
370,Julie,Treasure Hunting,Piano,16/06/1961
371,Annie,Astrology,Airbrushing,9/05/1954
372,Linda,Ultimate Frisbee,Musical Instruments,8/11/1987
373,Joe,Dominoes,Acting,18/01/2003
374,Tammy,Backgammon,Needlepoint,13/06/1989
375,Cynthia,Martial Arts,Shark Fishing,8/03/1961
376,Judith,Freshwater Aquariums,Bridge Building,12/04/1981
377,Melissa,Bringing Food To The Disabled,Rocking AIDS Babies,28/12/1911
378,Keith,Pyrotechnics,Beachcombing,17/04/1914
379,Harry,Slingshots,Volunteer,11/01/1918
380,Raymond,Beatboxing,R/C Boats,15/05/1916
381,Rose,Quilting,Acting,2/09/1907
382,John,Surf Fishing,Lawn Darts,24/01/1963
383,Jacqueline,Tesla Coils,Slack Lining,14/05/1904
384,Paula,Collecting Antiques,Writing,24/04/1990
385,Jeffrey,Models,Beachcombing,13/06/1960
386,Kenneth,Wingsuit Flying,Frisbee Golf – Frolf,7/08/1953
387,Denise,Skiing,Bird watching,23/06/1951
388,Cheryl,Fencing,World Record Breaking,6/04/1977
389,Justin,Train Spotting,Volunteer,15/01/1903
390,Rebecca,Fast cars,Stamp Collecting,8/05/1971
391,Jack,Aeromodeling,Sewing,9/06/1944
392,Christina,Cosplay,Rock Balancing,8/05/1941
393,James,Canoeing,Cheerleading,1/04/1918
394,Jeffrey,R/C Planes,BMX,30/04/1948
395,Frances,Motorcycles,People Watching,21/11/2008
396,Charles,Football,Cloud Watching,14/06/1977
397,Pamela,Going to movies,Golf,7/06/1994
398,Jane,Modeling Ships,Surfing,5/09/1989
399,Henry,Textiles,Snowboarding,30/06/2001
400,Janet,Lasers,Tennis,18/06/2003
401,Kevin,Cave Diving,Warhammer,11/11/1972
402,Wanda,Soap Making,Owning An Antique Car,4/08/1985
403,Todd,Falconry,R/C Cars,27/07/2007
404,Nicholas,Frisbee Golf – Frolf,Crossword Puzzles,1/12/1964
405,Angela,Hang gliding,Digital Photography,5/07/1990
406,Nancy,R/C Planes,Toy Collecting,7/09/1980
407,Kathleen,Rocking AIDS Babies,Freshwater Aquariums,8/06/1935
408,Jerry,People Watching,Working In A Food Pantry,6/03/1902
409,Angela,Aquarium (Freshwater & Saltwater),Legos,29/11/2009
410,John,Crafts,Knitting,1/02/1987
411,Diane,Herping,Beadwork,27/04/1985
412,Pamela,Robotics,Coin Collecting,11/07/1980
413,Joyce,Lawn Darts,Storytelling,24/02/1947
414,Barbara,Computer activities,Legos,1/10/2010
415,Lawrence,Tetris,Going to movies,16/12/2001
416,Stephen,Games,Running,1/12/1944
417,Terry,Base Jumping,Floral Arrangements,19/02/1929
418,Shirley,Pipe Smoking,Needlepoint,22/10/2007
419,Judith,Cloud Watching,R/C Helicopters,9/03/1987
420,Keith,Gunsmithing,Cooking,21/03/1957
421,Henry,Birding,Running,5/09/1921
422,Gerald,Guitar,BMX,3/01/1959
423,Andrew,Cosplay,Internet,22/02/1967
424,Kathryn,Iceskating,Illusion,7/02/2008
425,Amy,Model Railroading,Microscopy,23/01/1956
426,Ralph,Lacrosse,Toy Collecting,19/06/1926
427,Debra,Astrology,Exercise (aerobics& weights),22/12/1973
428,Janice,Powerboking,Floorball,6/02/1904
429,Eugene,Model Railroading,Bridge Building,2/02/1968
430,Roger,Crafts (unspecified),Going to movies,7/05/1992
431,Patricia,Genealogy,Hunting,22/01/1941
432,Donald,R/C Boats,Model Railroading,29/04/1956
433,Jessica,Beatboxing,Wingsuit Flying,5/11/1909
434,Edward,Bringing Food To The Disabled,Motorcycles,9/03/1930
435,Jimmy,Genealogy,Weather Watcher,20/02/1915
436,Patrick,Baseball,Animals/pets/dogs,29/11/1904
437,Harold,Impersonations,Soap Making,25/08/1911
438,Thomas,Collecting Music Albums,Ceramics,4/12/1959
439,Jonathan,Pole Dancing,Working In A Food Pantry,25/12/1962
440,Diane,Fencing,Animals/pets/dogs,25/03/1998
441,Daniel,Sky Diving,Aquarium (Freshwater & Saltwater),2/11/1904
442,Ernest,Rescuing Abused Or Abandoned Animals,Urban Exploration,16/12/1957
443,Phillip,Embroidery,Cartooning,27/05/1901
444,Michael,Games,Knotting,11/05/1966
445,Larry,Singing In Choir,Storm Chasing,6/07/1902
446,Harold,Nail Art,Football,5/09/1994
447,Charles,Sky Diving,Magic,1/09/1979
448,Christine,Mountain Biking,Becoming A Child Advocate,9/06/1941
449,Cynthia,Butterfly Watching,Painting,18/04/1914
450,Ryan,Chess,Magic,8/05/1919
451,Shawn,Educational Courses,Falconry,16/10/1992
452,Paul,Guitar,Socializing with friendseighbors,26/10/1907
453,Lawrence,Herping,Herping,17/09/1964
454,Chris,Snorkeling,Violin,2/05/1942
455,Julie,Mountain Climbing,Wrestling,28/02/1924
456,Alice,Electronics,Modeling Ships,3/03/1928
457,John,Cheerleading,Textiles,29/10/1982
458,Norma,Pyrotechnics,Garage Saleing,7/12/1995
459,Maria,Bowling,Urban Exploration,3/06/1979
460,Virginia,Working on cars,Weightlifting,17/12/1966
461,Mildred,Working on cars,Collecting,23/02/1911
462,Jacqueline,Rocking AIDS Babies,Fast cars,6/06/1979
463,Louis,Walking,Wingsuit Flying,20/09/1942
464,Samuel,Urban Exploration,R/C Planes,19/12/1962
465,Wayne,Learning A Foreign Language,Quilting,4/01/1949
466,Phillip,Falconry,Beatboxing,11/01/1943
467,Jose,Making Model Cars,Fencing,11/08/1986
468,Victor,R/C Planes,Origami,19/09/1913
469,Bonnie,Boomerangs,Football,12/12/1999
470,Victor,Inventing,Railfans,6/11/1947
471,Philip,Entertaining,Grip Strength,9/04/1946
472,Scott,Piano,Fencing,14/01/1922
473,Fred,Fire Poi,Storytelling,10/09/1956
474,Anna,Dancing,Relaxing,21/02/1906
475,Joan,Zumba,Gun Collecting,29/10/1990
476,Lawrence,Aeromodeling,Kites,13/02/1986
477,John,Traveling,Bowling,10/11/1964
478,Jennifer,Glowsticking,Paragliding or Power Paragliding,4/05/1999
479,Patrick,Slingshots,Metal Detecting,8/12/1998
480,Phyllis,Arts,Calligraphy,25/09/1902
481,Jacqueline,Pinochle,Aeromodeling,4/07/2009
482,Wayne,Nail Art,Working In A Food Pantry,11/09/1910
483,Susan,Jewelry Making,Legos,7/12/1965
484,Jerry,Go Kart Racing,Bicycling,21/07/1988
485,Craig,Tennis,Tool Collecting,5/01/1908
486,Frances,Hot air ballooning,YoYo,20/07/1951
487,Carl,Microscopy,Train Spotting,26/02/2008
488,William,Brewing Beer,Self Defense,6/09/1953
489,Kevin,Skateboarding,Protesting,22/01/1998
490,Mary,Snorkeling,Tatting,2/07/1977
491,Nicole,Jet Engines,Mountain Biking,10/04/1930
492,George,Skeet Shooting,Boating,13/11/2008
493,Joshua,Candle Making,Entertaining,19/08/2006
494,Wanda,Eating out,Watching sporting events,21/01/1953
495,Keith,Blacksmithing,Games,22/10/1929
496,Shawn,Cigar Smoking,Glowsticking,3/01/1918
497,Steven,Ghost Hunting,Knotting,21/04/1984
498,Carlos,Rock Collecting,Paragliding or Power Paragliding,23/06/1923
499,Marilyn,Tutoring Children,BMX,12/01/1962
500,Pamela,Train Collecting,Sand Castles,11/11/1947
